Workbook

Sheet Half yearly
A1: Roll No | B1: Name | C1: English | D1: Bengail | E1: G Maths | F1: Conv
A2: 1 | B2: Saidur Rohamn Barbhuiya | C2: 30 | D2: 35 | E2: 40 | F2: 45
A3: 2 | B3: Joydur Rahman Barbhuiya | C3: 20 | D3: 34 | E3: 13 | F3: 4

Sheet Annual
A1: Roll No | B1: Name | C1: English | D1: Bengail | E1: G Maths | F1: Conv
A2: ='Half yearly'!A2 -> 1 | B2: ='Half yearly'!B2 -> Saidur Rohamn Barbhuiya | C2: 7 | D2: 9 | E2: 5 | F2: 9
A3: ='Half yearly'!A3 -> 2 | B3: ='Half yearly'!B3 -> Joydur Rahman Barbhuiya | C3: 40 | D3: 42 | E3: 7 | F3: 50

Sheet Calculation
A1: New Roll | B1: Roll | C1: Name | D1: Class | E1: English H | F1: Bengail H | G1: G Maths H | H1: Conv H | I1: Total Helf | J1: English A | K1: Bengail A | L1: G Maths A | M1: Conv A | N1: Total Annual | O1: English T | P1: Bengail T | Q1: G Maths T | R1: Conv T | S1: Total of Grand Total | T1: Percentage | U1: Grade
B2: =Annual!A2 -> 1 | C2: =Annual!B2 -> Saidur Rohamn Barbhuiya | D2: Nursury | E2: 50 | F2: 50 | G2: 50 | H2: 50 | I2: =SUM(E2:H2) -> 200 | J2: 50 | K2: 50 | L2: 50 | M2: 50 | N2: =SUM(J2:M2) -> 200 | O2: =SUM(E2,J2) -> 100 | P2: =SUM(F2,K2) -> 100 | Q2: =SUM(G2,L2) -> 100 | R2: =SUM(H2,M2) -> 100 | S2: =SUM(O2:R2) -> 400 | T2: =SUM(S2)/4 -> 100 | U2: =IF(T2>=80,"A+",IF(T2>=70,"A",IF(T2>=60,"B+",IF(T2>=50,"B",IF(T2>=40,"C",IF(T2>=30,"E","FAIL")))))) -> A+
B3: =Annual!A3 -> 2 | C3: =Annual!B3 -> Joydur Rahman Barbhuiya | D3: Nursury | E3: ='Half yearly'!C3 -> 20 | F3: ='Half yearly'!D3 -> 34 | G3: ='Half yearly'!E3 -> 13 | H3: ='Half yearly'!F3 -> 4 | I3: =SUM(E3:H3) -> 71 | J3: =Annual!C3 -> 40 | K3: =Annual!D3 -> 42 | L3: =Annual!E3 -> 7 | M3: =Annual!F3 -> 50 | N3: =SUM(J3:M3) -> 139 | O3: =SUM(E3,J3) -> 60 | P3: =SUM(F3,K3) -> 76 | Q3: =SUM(G3,L3) -> 20 | R3: =SUM(H3,M3) -> 54 | S3: =SUM(N3,I3) -> 210 | T3: =SUM(S3)/4 -> 52.5 | U3: =IF(T3>=80,"A+",IF(T3>=70,"A",IF(T3>=60,"B+",IF(T3>=50,"B",IF(T3>=40,"C",IF(T3>=30,"E","FAIL")))))) -> B
