Workbook

Sheet Unit 1
A1: Roll No | B1: Name | C1: Subject 1 | D1: Subject 2 | E1: Subject 3 | F1: Subject 4 | G1: Subject 5 | H1: Subject 6 | I1: Subject 7 | J1: Subject 8 | K1: Subject 9
A2: 1 | B2: Saidur Rohman Barbhuiya | C2: 25 | D2: 25 | E2: 25 | F2: 25 | G2: 25 | H2: 25 | I2: 25 | J2: 25 | K2: 25

Sheet Unit 2
A1: Roll No | B1: Subject 1 | C1: Subject 2 | D1: Subject 3 | E1: Subject 4 | F1: Subject 5 | G1: Subject 6 | H1: Subject 7 | I1: Subject 8 | J1: Subject 9
A2: ='Unit 1'!A2 -> 1 | B2: 25 | C2: 25 | D2: 25 | E2: 25 | F2: 25 | G2: 25 | H2: 25 | I2: 25 | J2: 25

Sheet Unit 3
A1: Roll No | B1: Subject 1 | C1: Subject 2 | D1: Subject 3 | E1: Subject 4 | F1: Subject 5 | G1: Subject 6 | H1: Subject 7 | I1: Subject 8 | J1: Subject 9
A2: ='Unit 1'!A2 -> 1 | B2: 25 | C2: 25 | D2: 25 | E2: 25 | F2: 25 | G2: 25 | H2: 25 | I2: 25 | J2: 25

Sheet Unit 4
A1: Roll No | B1: subject 1 | C1: subject 2 | D1: subject 3 | E1: subject 4 | F1: subject 5 | G1: subject 6 | H1: subject 7 | I1: subject 8 | J1: subject 9
A2: ='Unit 1'!A2 -> 1 | B2: 25 | C2: 25 | D2: 25 | E2: 25 | F2: 25 | G2: 25 | H2: 25 | I2: 25 | J2: 25

Sheet Half yearly
A1: Roll No | B1: Subject 1 | C1: Subject 2 | D1: Subject 3 | E1: Subject 4 | F1: Subject 5 | G1: Subject 6 | H1: Subject 7 | I1: Subject 8 | J1: Subject 9
A2: ='Unit 1'!A2 -> 1 | B2: 100 | C2: 100 | D2: 100 | E2: 100 | F2: 100 | G2: 100 | H2: 100 | I2: 100 | J2: 100

Sheet Annual
A1: Roll No | B1: Subject 1 | C1: Subject 2 | D1: Subject 3 | E1: Subject 4 | F1: Subject 5 | G1: Subject 6 | H1: Subject 7 | I1: Subject 8 | J1: Subject 9
A2: ='Unit 1'!A2 -> 1 | B2: 100 | C2: 100 | D2: 100 | E2: 100 | F2: 100 | G2: 100 | H2: 100 | I2: 100 | J2: 100

Sheet Calculation
A1: New Roll | B1: Roll | C1: Name | D1: Class | E1: Unit 1 Subject 1 | F1: Unit 1 Subject 2 | G1: Unit 1 Subject 3 | H1: Unit 1 Subject 4 | I1: Unit 1 Subject 5 | J1: Unit 1 Subject 6 | K1: Unit 1 Subject 7 | L1: Unit 1 Subject 8 | M1: Unit 1 Subject 9 | N1: Total Unit 1 | O1: Unit 2 Subject 1 | P1: Unit 2 Subject 2 | Q1: Unit 2 Subject 3 | R1: Unit 2 Subject 4 | S1: Unit 2 Subject 5 | T1: Unit 2 Subject 6 | U1: Unit 2 Subject 7 | V1: Unit 2 Subject 8 | W1: Unit 2 Subject 9 | X1: Total Unit 2 | Y1: Unit 3 Subject 1 | Z1: Unit 3 Subject 2 | AA1: Unit 3 Subject 3 | AB1: Unit 3 Subject 4 | AC1: Unit 3 Subject 5 | AD1: Unit 3 Subject 6 | AE1: Unit 3 Subject 7 | AF1: Unit 3 Subject 8 | AG1: Unit 3 Subject 9 | AH1: Total Unit 3 | AI1: Unit 4 Subject 1 | AJ1: Unit 4 Subject 2 | AK1: Unit 4 Subject 3 | AL1: Unit 4 Subject 4 | AM1: Unit 4 Subject 5 | AN1: Unit 4 Subject 6 | AO1: Unit 4 Subject 7 | AP1: Unit 4 Subject 8 | AQ1: Unit 4 Subject 9 | AR1: Total Unit 4 | AS1: Total of all Units Subject 1 | AT1: Total of all Units Subject 2 | AU1: Total of all Units Subject 3 | AV1: Total of all Units Subject 4 | AW1: Total of all Units Subject 5 | AX1: Total of all Units Subject 6 | AY1: Total of all Units Subject 7 | AZ1: Total of all Units Subject 8 | BA1: Total of all Units Subject 9 | BB1: Total of all unit all Subjects | BC1: Helf Subject 1 | BD1: Helf Subject 2 | BE1: Helf Subject 3 | BF1: Helf Subject 4 | BG1: Helf Subject 5 | BH1: Helf Subject 6 | BI1: Helf Subject 7 | BJ1: Helf Subject 8 | BK1: Helf Subject 9 | BL1: Total Helf | BM1: Annual Subject 1 | BN1: Annual Subject 2 | BO1: Annual Subject 3 | BP1: Annual Subject 4 | BQ1: Annual Subject 5 | BR1: Annual Subject 6 | BS1: Annual Subject 7 | BT1: Annual Subject 8 | BU1: Annual Subject 9 | BV1: Total Annual | BW1: 20% Subject 1 | BX1: 20% Subject 2 | BY1: 20% Subject 3 | BZ1: 20% Subject 4 | CA1: 20% Subject 5 | CB1: 20% Subject 6 | CC1: 20% Subject 7 | CD1: 20% Subject 8 | CE1: 20% Subject 9 | CF1: Total of 20 % of unit test | CG1: 30% half Subject 1 | CH1: 30% half Subject 2 | CI1: 30% half Subject 3 | CJ1: 30% half Subject 4 | CK1: 30% half Subject 5 | CL1: 30% half Subject 6 | CM1: 30% half Subject 7 | CN1: 30% half Subject 8 | CO1: 30% half Subject 9 | CP1: Total of 30 % of half | CQ1: 50% Annual Subject 1 | CR1: 50% Annual Subject 2 | CS1: 50% Annual Subject 3 | CT1: 50% Annual Subject 4 | CU1: 50% Annual Subject 5 | CV1: 50% Annual Subject 6 | CW1: 50% Annual Subject 7 | CX1: 50% Annual Subject 8 | CY1: 50% Annual Subject 9 | CZ1: Total of 50% of Annual Exam | DA1: Grand Total Subject 1 | DB1: Grand Total Subject 2 | DC1: Grand Total Subject 3 | DD1: Grand Total Subject 4 | DE1: Grand Total Subject 5 | DF1: Grand Total Subject 6 | DG1: Grand Total Subject 7 | DH1: Grand Total Subject 8 | DI1: Grand Total Subject 9 | DJ1: Total of Grand Total | DK1: Percentage | DL1: Grade
B2: ='Unit 1'!A2 -> 1 | C2: ='Unit 1'!B2 -> Saidur Rohman Barbhuiya | D2: 10 | E2: ='Unit 1'!C2 -> 25 | F2: ='Unit 1'!D2 -> 25 | G2: ='Unit 1'!E2 -> 25 | H2: ='Unit 1'!F2 -> 25 | I2: ='Unit 1'!G2 -> 25 | J2: ='Unit 1'!H2 -> 25 | K2: ='Unit 1'!I2 -> 25 | L2: ='Unit 1'!J2 -> 25 | M2: ='Unit 1'!K2 -> 25 | N2: =SUM(E2:M2) -> 225 | O2: ='Unit 2'!B2 -> 25 | P2: ='Unit 2'!C2 -> 25 | Q2: ='Unit 2'!D2 -> 25 | R2: ='Unit 2'!E2 -> 25 | S2: ='Unit 2'!F2 -> 25 | T2: ='Unit 2'!G2 -> 25 | U2: ='Unit 2'!H2 -> 25 | V2: ='Unit 2'!I2 -> 25 | W2: ='Unit 2'!J2 -> 25 | X2: =SUM(O2:W2) -> 225 | Y2: ='Unit 3'!B2 -> 25 | Z2: ='Unit 3'!C2 -> 25 | AA2: ='Unit 3'!D2 -> 25 | AB2: ='Unit 3'!E2 -> 25 | AC2: ='Unit 3'!F2 -> 25 | AD2: ='Unit 3'!G2 -> 25 | AE2: ='Unit 3'!H2 -> 25 | AF2: ='Unit 3'!I2 -> 25 | AG2: ='Unit 3'!J2 -> 25 | AH2: =SUM(Y2:AG2) -> 225 | AI2: ='Unit 4'!B2 -> 25 | AJ2: ='Unit 4'!C2 -> 25 | AK2: ='Unit 4'!D2 -> 25 | AL2: ='Unit 4'!E2 -> 25 | AM2: ='Unit 4'!F2 -> 25 | AN2: ='Unit 4'!G2 -> 25 | AO2: ='Unit 4'!H2 -> 25 | AP2: ='Unit 4'!I2 -> 25 | AQ2: ='Unit 4'!J2 -> 25 | AR2: =SUM(AI2:AQ2) -> 225 | AS2: =SUM(E2,O2,Y2,AI2,) -> 100 | AT2: =SUM(F2,P2,Z2,AJ2,) -> 100 | AU2: =SUM(G2,Q2,AA2,AK2,) -> 100 | AV2: =SUM(H2,R2,AB2,AL2,) -> 100 | AW2: =SUM(I2,S2,AC2,AM2,) -> 100 | AX2: =SUM(J2,T2,AD2,AN2,) -> 100 | AY2: =SUM(K2,U2,AE2,AO2,) -> 100 | AZ2: =SUM(L2,V2,AF2,AP2,) -> 100 | BA2: =SUM(M2,W2,AG2,AQ2,) -> 100 | BB2: =SUM(AS2:BA2) -> 900 | BC2: ='Half yearly'!B2 -> 100 | BD2: ='Half yearly'!C2 -> 100 | BE2: ='Half yearly'!D2 -> 100 | BF2: ='Half yearly'!E2 -> 100 | BG2: ='Half yearly'!F2 -> 100 | BH2: ='Half yearly'!G2 -> 100 | BI2: ='Half yearly'!H2 -> 100 | BJ2: ='Half yearly'!I2 -> 100 | BK2: ='Half yearly'!J2 -> 100 | BL2: =SUM(BC2:BK2) -> 900 | BM2: =Annual!B2 -> 100 | BN2: =Annual!C2 -> 100 | BO2: =Annual!D2 -> 100 | BP2: =Annual!E2 -> 100 | BQ2: =Annual!F2 -> 100 | BR2: =Annual!G2 -> 100 | BS2: =Annual!H2 -> 100 | BT2: =Annual!I2 -> 100 | BU2: =Annual!J2 -> 100 | BV2: =SUM(BM2:BU2) -> 900 | BW2: =IF(INT(SUM(E2, O2, Y2, AI2) * 0.2) <> A1, IF(SUM(E2, O2, Y2, AI2,) * 0.2 - INT(SUM(E2, O2, Y2, AI2) * 0.2) >= 0.5, ROUNDUP(SUM(E2, O2, Y2, AI2) * 0.2, 0), ROUNDDOWN(SUM(E2, O2, Y2, AI2) * 0.2, 0)), SUM(E2, O2, Y2, AI2) * 0.2) -> 20 | BX2: =IF(INT(SUM(F2, P2, Z2, AJ2) * 0.2) <> B1, IF(SUM(F2, P2, Z2, AJ2,) * 0.2 - INT(SUM(F2, P2, Z2, AJ2) * 0.2) >= 0.5, ROUNDUP(SUM(F2, P2, Z2, AJ2) * 0.2, 0), ROUNDDOWN(SUM(F2, P2, Z2, AJ2) * 0.2, 0)), SUM(F2, P2, Z2, AJ2) * 0.2) -> 20 | BY2: =IF(INT(SUM(G2, Q2, AA2, AK2) * 0.2) <> C1, IF(SUM(G2, Q2, AA2, AK2,) * 0.2 - INT(SUM(G2, Q2, AA2, AK2) * 0.2) >= 0.5, ROUNDUP(SUM(G2, Q2, AA2, AK2) * 0.2, 0), ROUNDDOWN(SUM(G2, Q2, AA2, AK2) * 0.2, 0)), SUM(G2, Q2, AA2, AK2) * 0.2) -> 20 | BZ2: =IF(INT(SUM(H2, R2, AB2, AL2) * 0.2) <> D1, IF(SUM(H2, R2, AB2, AL2,) * 0.2 - INT(SUM(H2, R2, AB2, AL2) * 0.2) >= 0.5, ROUNDUP(SUM(H2, R2, AB2, AL2) * 0.2, 0), ROUNDDOWN(SUM(H2, R2, AB2, AL2) * 0.2, 0)), SUM(H2, R2, AB2, AL2) * 0.2) -> 20 | CA2: =IF(INT(SUM(I2, S2, AC2, AM2) * 0.2) <> E1, IF(SUM(I2, S2, AC2, AM2,) * 0.2 - INT(SUM(I2, S2, AC2, AM2) * 0.2) >= 0.5, ROUNDUP(SUM(I2, S2, AC2, AM2) * 0.2, 0), ROUNDDOWN(SUM(I2, S2, AC2, AM2) * 0.2, 0)), SUM(I2, S2, AC2, AM2) * 0.2) -> 20 | CB2: =IF(INT(SUM(J2, T2, AD2, AN2) * 0.2) <> F1, IF(SUM(J2, T2, AD2, AN2,) * 0.2 - INT(SUM(J2, T2, AD2, AN2) * 0.2) >= 0.5, ROUNDUP(SUM(J2, T2, AD2, AN2) * 0.2, 0), ROUNDDOWN(SUM(J2, T2, AD2, AN2) * 0.2, 0)), SUM(J2, T2, AD2, AN2) * 0.2) -> 20 | CC2: =IF(INT(SUM(K2, U2, AE2, AO2) * 0.2) <> G1, IF(SUM(K2, U2, AE2, AO2,) * 0.2 - INT(SUM(K2, U2, AE2, AO2) * 0.2) >= 0.5, ROUNDUP(SUM(K2, U2, AE2, AO2) * 0.2, 0), ROUNDDOWN(SUM(K2, U2, AE2, AO2) * 0.2, 0)), SUM(K2, U2, AE2, AO2) * 0.2) -> 20 | CD2: =IF(INT(SUM(L2, V2, AF2, AP2) * 0.2) <> H1, IF(SUM(L2, V2, AF2, AP2,) * 0.2 - INT(SUM(L2, V2, AF2, AP2) * 0.2) >= 0.5, ROUNDUP(SUM(L2, V2, AF2, AP2) * 0.2, 0), ROUNDDOWN(SUM(L2, V2, AF2, AP2) * 0.2, 0)), SUM(L2, V2, AF2, AP2) * 0.2) -> 20 | ... CF2: =IF(INT(SUM(N2, X2, AH2, AR2) * 0.2) <> J1, IF(SUM(N2, X2, AH2, AR2,) * 0.2 - INT(SUM(N2, X2, AH2, AR2) * 0.2) >= 0.5, ROUNDUP(SUM(N2, X2, AH2, AR2) * 0.2, 0), ROUNDDOWN(SUM(N2, X2, AH2, AR2) * 0.2, 0)), SUM(N2, X2, AH2, AR2) * 0.2) -> 180 | CG2: =IF(INT(SUM(BC2) * 0.3) <> A1, IF(SUM(BC2) * 0.3 - INT(SUM(BC2) * 0.3) >= 0.5, ROUNDUP(SUM(BC2) * 0.3, 0), ROUNDDOWN(SUM(BC2) * 0.3, 0)), SUM(BC2) * 0.3) -> 30 | CH2: =IF(INT(SUM(BD2) * 0.3) <> B1, IF(SUM(BD2) * 0.3 - INT(SUM(BD2) * 0.3) >= 0.5, ROUNDUP(SUM(BD2) * 0.3, 0), ROUNDDOWN(SUM(BD2) * 0.3, 0)), SUM(BD2) * 0.3) -> 30 | CI2: =IF(INT(SUM(BE2) * 0.3) <> C1, IF(SUM(BE2) * 0.3 - INT(SUM(BE2) * 0.3) >= 0.5, ROUNDUP(SUM(BE2) * 0.3, 0), ROUNDDOWN(SUM(BE2) * 0.3, 0)), SUM(BE2) * 0.3) -> 30 | CJ2: =IF(INT(SUM(BF2) * 0.3) <> D1, IF(SUM(BF2) * 0.3 - INT(SUM(BF2) * 0.3) >= 0.5, ROUNDUP(SUM(BF2) * 0.3, 0), ROUNDDOWN(SUM(BF2) * 0.3, 0)), SUM(BF2) * 0.3) -> 30 | CK2: =IF(INT(SUM(BG2) * 0.3) <> E1, IF(SUM(BG2) * 0.3 - INT(SUM(BG2) * 0.3) >= 0.5, ROUNDUP(SUM(BG2) * 0.3, 0), ROUNDDOWN(SUM(BG2) * 0.3, 0)), SUM(BG2) * 0.3) -> 30 | CL2: =IF(INT(SUM(BH2) * 0.3) <> F1, IF(SUM(BH2) * 0.3 - INT(SUM(BH2) * 0.3) >= 0.5, ROUNDUP(SUM(BH2) * 0.3, 0), ROUNDDOWN(SUM(BH2) * 0.3, 0)), SUM(BH2) * 0.3) -> 30 | CM2: =IF(INT(SUM(BI2) * 0.3) <> G1, IF(SUM(BI2) * 0.3 - INT(SUM(BI2) * 0.3) >= 0.5, ROUNDUP(SUM(BI2) * 0.3, 0), ROUNDDOWN(SUM(BI2) * 0.3, 0)), SUM(BI2) * 0.3) -> 30 | CN2: =IF(INT(SUM(BJ2) * 0.3) <> H1, IF(SUM(BJ2) * 0.3 - INT(SUM(BJ2) * 0.3) >= 0.5, ROUNDUP(SUM(BJ2) * 0.3, 0), ROUNDDOWN(SUM(BJ2) * 0.3, 0)), SUM(BJ2) * 0.3) -> 30 | CO2: =IF(INT(SUM(BK2) * 0.3) <> I1, IF(SUM(BK2) * 0.3 - INT(SUM(BK2) * 0.3) >= 0.5, ROUNDUP(SUM(BK2) * 0.3, 0), ROUNDDOWN(SUM(BK2) * 0.3, 0)), SUM(BK2) * 0.3) -> 30 | CP2: =IF(INT(SUM(BL2) * 0.3) <> G1, IF(SUM(BL2) * 0.3 - INT(SUM(BL2) * 0.3) >= 0.5, ROUNDUP(SUM(BL2) * 0.3, 0), ROUNDDOWN(SUM(BL2) * 0.3, 0)), SUM(BL2) * 0.3) -> 270 | CQ2: =IF(INT(SUM(BM2) * 0.5) <> A1, IF(SUM(BM2) * 0.5 - INT(SUM(BM2) * 0.5) >= 0.5, ROUNDUP(SUM(BM2) * 0.5, 0), ROUNDDOWN(SUM(BM2) * 0.5, 0)), SUM(BM2) * 0.5) -> 50 | CR2: =IF(INT(SUM(BN2) * 0.5) <> B1, IF(SUM(BN2) * 0.5 - INT(SUM(BN2) * 0.5) >= 0.5, ROUNDUP(SUM(BN2) * 0.5, 0), ROUNDDOWN(SUM(BN2) * 0.5, 0)), SUM(BN2) * 0.5) -> 50 | CS2: =IF(INT(SUM(BO2) * 0.5) <> C1, IF(SUM(BO2) * 0.5 - INT(SUM(BO2) * 0.5) >= 0.5, ROUNDUP(SUM(BO2) * 0.5, 0), ROUNDDOWN(SUM(BO2) * 0.5, 0)), SUM(BO2) * 0.5) -> 50 | CT2: =IF(INT(SUM(BP2) * 0.5) <> D1, IF(SUM(BP2) * 0.5 - INT(SUM(BP2) * 0.5) >= 0.5, ROUNDUP(SUM(BP2) * 0.5, 0), ROUNDDOWN(SUM(BP2) * 0.5, 0)), SUM(BP2) * 0.5) -> 50 | CU2: =IF(INT(SUM(BQ2) * 0.5) <> E1, IF(SUM(BQ2) * 0.5 - INT(SUM(BQ2) * 0.5) >= 0.5, ROUNDUP(SUM(BQ2) * 0.5, 0), ROUNDDOWN(SUM(BQ2) * 0.5, 0)), SUM(BQ2) * 0.5) -> 50 | CV2: =IF(INT(SUM(BR2) * 0.5) <> F1, IF(SUM(BR2) * 0.5 - INT(SUM(BR2) * 0.5) >= 0.5, ROUNDUP(SUM(BR2) * 0.5, 0), ROUNDDOWN(SUM(BR2) * 0.5, 0)), SUM(BR2) * 0.5) -> 50 | CW2: =IF(INT(SUM(BS2) * 0.5) <> G1, IF(SUM(BS2) * 0.5 - INT(SUM(BS2) * 0.5) >= 0.5, ROUNDUP(SUM(BS2) * 0.5, 0), ROUNDDOWN(SUM(BS2) * 0.5, 0)), SUM(BS2) * 0.5) -> 50 | CX2: =IF(INT(SUM(BT2) * 0.5) <> H1, IF(SUM(BT2) * 0.5 - INT(SUM(BT2) * 0.5) >= 0.5, ROUNDUP(SUM(BT2) * 0.5, 0), ROUNDDOWN(SUM(BT2) * 0.5, 0)), SUM(BT2) * 0.5) -> 50 | CY2: =IF(INT(SUM(BU2) * 0.5) <> I1, IF(SUM(BU2) * 0.5 - INT(SUM(BU2) * 0.5) >= 0.5, ROUNDUP(SUM(BU2) * 0.5, 0), ROUNDDOWN(SUM(BU2) * 0.5, 0)), SUM(BU2) * 0.5) -> 50 | CZ2: =IF(INT(SUM(BV2) * 0.5) <> G1, IF(SUM(BV2) * 0.5 - INT(SUM(BV2) * 0.5) >= 0.5, ROUNDUP(SUM(BV2) * 0.5, 0), ROUNDDOWN(SUM(BV2) * 0.5, 0)), SUM(BV2) * 0.5) -> 450 | DA2: =SUM(BW2,CG2,CQ2) -> 100 | DB2: =SUM(BX2,CH2,CR2) -> 100 | DC2: =SUM(BY2,CI2,CS2) -> 100 | DD2: =SUM(BZ2,CJ2,CT2) -> 100 | DE2: =SUM(CA2,CK2,CU2) -> 100 | DF2: =SUM(CB2,CL2,CV2) -> 100 | DG2: =SUM(CC2,CM2,CW2) -> 100 | DH2: =SUM(CD2,CN2,CX2) -> 100 | DI2: =SUM(CE2,CO2,CY2) -> 100 | DJ2: =SUM(DA2:DI2) -> 900 | DK2: =SUM(DA2:DI2)/900*100 -> 100 | DL2: =IF(DK2>=80,"A+",IF(DK2>=70,"A",IF(DK2>=60,"B+",IF(DK2>=50,"B",IF(DK2>=40,"C",IF(DK2>=30,"E","FAIL")))))) -> A+
